D521	MN	2000	PRJNA279196	SAMN03455333	CP011169	SRR5070720,SRR5070941,SRR5828160,SRR5828170
G057	MN	2004	PRJNA279196	SAMN03877217	CP012129	SRR5070709,SRR5071058,SRR5829560,SRR5829564,SRR5829567
G807	MN	2005	PRJNA279196	SAMN04383566	CP013875	SRR5070667,SRR5070708,SRR5725528
G965	MN	2002	PRJNA279196	SAMN04383567	CP013876	SRR5070876,SRR5070922,SRR5725520
H543	MN	2010	PRJNA279196	SAMN11821634		SRR9123579
H544	MN	2010	PRJNA279196	SAMN11821635		SRR9123578
H545	MN	2010	PRJNA279196	SAMN11821636		SRR9123570
H546	MN	2010	PRJNA279196	SAMN11821637		SRR9123569
H547	MN	2010	PRJNA279196	SAMN11821638		SRR9123537
H548	MN	2010	PRJNA279196	SAMN11821639		SRR9123536
H549	MN	2010	PRJNA279196	SAMN11821640		SRR9123535
H550	MN	2010	PRJNA279196	SAMN11821641		SRR9123534
H582	MN	2010	PRJNA279196	SAMN11821642		SRR9123541
H583	MN	2010	PRJNA279196	SAMN11821643		SRR9123540
H584	MN	2010	PRJNA279196	SAMN11821644		SRR9123539
H586	MN	2010	PRJNA279196	SAMN11821645		SRR9123538
H587	MN	2010	PRJNA279196	SAMN11821646		SRR9123543
H672	MN	2010	PRJNA279196	SAMN08136979	CP025349	SRR9006183
H673	MN	2010	PRJNA279196	SAMN11821649		SRR9123652
H674	MN	2010	PRJNA279196	SAMN11821650		SRR9123649
H675	MN	2010	PRJNA279196	SAMN11821651		SRR9123650
H676	MN	2010	PRJNA279196	SAMN11821652		SRR9123655
H703	MN	2010	PRJNA279196	SAMN03455351	CP011187	SRR5070981,SRR5071010,SRR5833680,SRR5833681
H787	MN	2011	PRJNA279196	SAMN03702626	CP011704	SRR5070662,SRR5829407,SRR5829409
H852	MN	2011	PRJNA279196	SAMN03854491	CP012079	SRR5070911,SRR5070936,SRR5829718,SRR5829723
H853	MN	2011	PRJNA279196	SAMN03702630	CP011708	SRR5070688,SRR5070974,SRR5829715
H883	MN	2011	PRJNA279196	SAMN03702634	CP011712	SRR5070704,SRR5070795,SRR5829720,SRR5853107
H884	MN	2011	PRJNA279196	SAMN03702635	CP011713	SRR5070673,SRR5070881,SRR5853115,SRR5853118
H886	MN	2012	PRJNA279196	SAMN11821684		SRR9123629
H887	MN	2012	PRJNA279196	SAMN11821685		SRR9123628
H888	MN	2012	PRJNA279196	SAMN11821686		SRR9123627
H890	MN	2012	PRJNA279196	SAMN11821687		SRR9123626
H891	MN	2012	PRJNA279196	SAMN11821688		SRR9123510
H892	MN	2012	PRJNA279196	SAMN11821689		SRR9123511
H893	MN	2012	PRJNA279196	SAMN11821690		SRR9123508
I125	MN	2012	PRJNA279196	SAMN11821877		SRR9131459
I126	MN	2012	PRJNA279196	SAMN11821878		SRR9131458
I127	MN	2012	PRJNA279196	SAMN03702643	CP011721	SRR5070950,SRR5071044,SRR5852282,SRR5852291
I128	MN	2012	PRJNA279196	SAMN11821879		SRR9131452
I129	MN	2012	PRJNA279196	SAMN11821880		SRR9131451
I130	MN	2012	PRJNA279196	SAMN11821881		SRR9131295
I134	MN	2012	PRJNA279196	SAMN11821882		SRR9131296
I135	MN	2012	PRJNA279196	SAMN03702644	CP011722	SRR5070702,SRR5070775,SRR5852279,SRR5852288
I136	MN	2012	PRJNA279196	SAMN03702645	CP011723	SRR5070996,SRR5071023,SRR5838390,SRR5838392
I137	MN	2012	PRJNA279196	SAMN11821883		SRR9131293
I138	MN	2012	PRJNA279196	SAMN11821884		SRR9131294
I140	MN	2012	PRJNA279196	SAMN11821885		SRR9131299
I141	MN	2012	PRJNA279196	SAMN11821886		SRR9131300
I142	MN	2012	PRJNA279196	SAMN11821887		SRR9131291
I144	MN	2012	PRJNA279196	SAMN11821888		SRR9131298
I145	MN	2012	PRJNA279196	SAMN11821889		SRR9131308
I146	MN	2012	PRJNA279196	SAMN11821890		SRR9131302
I148	MN	2012	PRJNA279196	SAMN11821891		SRR9131269
I149	MN	2012	PRJNA279196	SAMN11821892		SRR9131268
I150	MN	2012	PRJNA279196	SAMN03877219	CP012131	SRR5070700,SRR5070736,SRR5838386,SRR5838393
I151	MN	2012	PRJNA279196	SAMN11821893		SRR9131271
I152	MN	2012	PRJNA279196	SAMN11821894		SRR9131270
I153	MN	2012	PRJNA279196	SAMN11821895		SRR9131273
I154	MN	2012	PRJNA279196	SAMN11821896		SRR9131272
I155	MN	2012	PRJNA279196	SAMN11821897		SRR9131275
I313	MN	2012	PRJNA279196	SAMN11822012		SRR9131480
I314	MN	2012	PRJNA279196	SAMN11822013		SRR9131483
I315	MN	2012	PRJNA279196	SAMN03702652	CP011730	SRR5070889,SRR5071053,SRR5839521,SRR5839535
I316	MN	2012	PRJNA279196	SAMN11822014		SRR9131482
I317	MN	2012	PRJNA279196	SAMN11822015		SRR9131477
I318	MN	2012	PRJNA279196	SAMN03702653	CP011731	SRR5070714,SRR5070951,SRR5839520,SRR5839527
I319	MN	2012	PRJNA279196	SAMN11822016		SRR9131476
I320	MN	2012	PRJNA279196	SAMN11822017		SRR9131479
I321	MN	2012	PRJNA279196	SAMN11822018		SRR9131478
I322	MN	2012	PRJNA279196	SAMN11822019		SRR9131485
I323	MN	2012	PRJNA279196	SAMN08164943	CP025377	SRR9006202
I324	MN	2012	PRJNA279196	SAMN11822020		SRR9131484
I327	MN	2012	PRJNA279196	SAMN11822021		SRR9131371
I329	MN	2012	PRJNA279196	SAMN11822022		SRR9131372
I330	MN	2012	PRJNA279196	SAMN11822023		SRR9131373
I331	MN	2012	PRJNA279196	SAMN03702654	CP011732	SRR5070754,SRR5071057,SRR5839523,SRR5839532
I332	MN	2012	PRJNA279196	SAMN11822024		SRR9131374
I333	MN	2012	PRJNA279196	SAMN11822025		SRR9131367
I334	MN	2012	PRJNA279196	SAMN11822026		SRR9131368
I335	MN	2012	PRJNA279196	SAMN11822027		SRR9131369
I336	MN	2012	PRJNA279196	SAMN11822028		SRR9131370
I337	MN	2012	PRJNA279196	SAMN11822029		SRR9131365
I338	MN	2012	PRJNA279196	SAMN11822030		SRR9131366
I339	MN	2012	PRJNA279196	SAMN11822031		SRR9131416
I340	MN	2012	PRJNA279196	SAMN11822032		SRR9131415
I341	MN	2012	PRJNA279196	SAMN11822033		SRR9131414
I342	MN	2012	PRJNA279196	SAMN11822034		SRR9131413
I343	MN	2012	PRJNA279196	SAMN11822035		SRR9131420
I344	MN	2012	PRJNA266616	SAMN03249375	CP011255	SRR3205794,SRR5070901,SRR5071004,SRR5839116,SRR5839130,SRR5839526
I344	MN	2012	PRJNA266616	SAMN03249375	CP011255	SRR3205794,SRR5070901,SRR5071004,SRR5839116,SRR5839130,SRR5839526
I345	MN	2012	PRJNA279196	SAMN11822036		SRR9131419
I346	MN	2012	PRJNA279196	SAMN11822037		SRR9131418
I347	MN	2012	PRJNA279196	SAMN11822038		SRR9131417
I348	MN	2012	PRJNA279196	SAMN11822039		SRR9131412
I349	MN	2012	PRJNA279196	SAMN11822040		SRR9131411
I350	MN	2012	PRJNA279196	SAMN03702655	CP011733	SRR5070716,SRR5070884,SRR5839123,SRR5839128
I351	MN	2012	PRJNA279196	SAMN03854493	CP012081	SRR5070854,SRR5070866,SRR5839120,SRR5839124
I352	MN	2012	PRJNA279196	SAMN11822041		SRR9131352
I353	MN	2012	PRJNA279196	SAMN11822042		SRR9131353
I354	MN	2012	PRJNA279196	SAMN11822043		SRR9131350
I355	MN	2012	PRJNA279196	SAMN11822044		SRR9131351
I356	MN	2012	PRJNA279196	SAMN11822045		SRR9131356
I357	MN	2012	PRJNA279196	SAMN11822046		SRR9131357
I358	MN	2012	PRJNA279196	SAMN11822047		SRR9131354
I359	MN	2012	PRJNA279196	SAMN11822048		SRR9131355
I360	MN	2012	PRJNA279196	SAMN11822049		SRR9131360
I361	MN	2012	PRJNA279196	SAMN11822050		SRR9131361
I430	MN	2012	PRJNA279196	SAMN11822073		SRR9131375
I431	MN	2012	PRJNA279196	SAMN11822074		SRR9131379
I432	MN	2012	PRJNA279196	SAMN11822075		SRR9131407
I433	MN	2012	PRJNA279196	SAMN11822076		SRR9131410
I434	MN	2012	PRJNA279196	SAMN11822077		SRR9131397
I436	MN	2012	PRJNA279196	SAMN11822079		SRR9131395
I743	MN	2013	PRJNA279196	SAMN03854494	CP012082	SRR5070711,SRR5070930,SRR5851808,SRR5851812,SRR5851819
I744	MN	2013	PRJNA279196	SAMN11822120		SRR9118254
I745	MN	2013	PRJNA279196	SAMN11822121		SRR9118253
I746	MN	2013	PRJNA279196	SAMN11822122		SRR9118252
I747	MN	2012	PRJNA279196	SAMN07352191		SRR5829740,SRR5829775
I748	MN	2013	PRJNA279196	SAMN11822123		SRR9118261
I749	MN	2013	PRJNA279196	SAMN11822124		SRR9118260
I750	MN	2013	PRJNA279196	SAMN11822125		SRR9118274
I956	MN	2013	PRJNA279196	SAMN11822140		SRR9118440
J012	MN	2013	PRJNA279196	SAMN03702673	CP011751	SRR5070810,SRR5070846,SRR5851470,SRR5851484
J013	MN	2013	PRJNA279196	SAMN03854498	CP012086	SRR5070706,SRR5070898,SRR5851472,SRR5851475
J014	MN	2013	PRJNA279196	SAMN03877223	CP012135	SRR5829804,SRR5829823
J015	MN	2013	PRJNA279196	SAMN11822175		SRR9118300
J016	MN	2013	PRJNA279196	SAMN03702674	CP011752	SRR5070915,SRR5071056,SRR5851482,SRR5851486
J017	MN	2013	PRJNA279196	SAMN11822176		SRR9118299
J018	MN	2013	PRJNA279196	SAMN03455372	CP011208	SRR5070701,SRR5070870,SRR5851463,SRR5851485
J019	MN	2013	PRJNA279196	SAMN03702675	CP011753	SRR5070968,SRR5902560,SRR5902561
J020	MN	2013	PRJNA279196	SAMN11822177		SRR9118302
J077	MN	2013	PRJNA279196	SAMN07352197	CP025344	SRR5829796,SRR5829835
J078	MN	2013	PRJNA279196	SAMN07137592	CP021401	SRR5829847
J079	MN	2013	PRJNA279196	SAMN11822197		SRR9118432
J080	MN	2013	PRJNA279196	SAMN11822198		SRR9118427
J101	MN	2013	PRJNA279196	SAMN11822203		SRR9118434
J103	MN	2014	PRJNA279196	SAMN04383578	CP013887	SRR5070680,SRR5071082
J104	MN	2014	PRJNA279196	SAMN04383579	CP013888	SRR5070828,SRR5070894
J105	MN	2014	PRJNA279196	SAMN04383580	CP013889	SRR5070938,SRR5071067
J106	MN	2014	PRJNA279196	SAMN07352200		SRR5829753,SRR5829838
J107	MN	2014	PRJNA279196	SAMN03854500	CP012088	SRR5070895
J108	MN	2014	PRJNA279196	SAMN05751692	CP017163	SRR5829860,SRR5829868
J109	MN	2014	PRJNA279196	SAMN05751693	CP017162	SRR5829807,SRR5829846
J110	MN	2014	PRJNA279196	SAMN03702689	CP011767	SRR5070759
J111	MN	2014	PRJNA279196	SAMN07352201		SRR5829877
J152	MN	2014	PRJNA279196	SAMN04383586	CP013895	SRR5070752,SRR5071018
J153	MN	2014	PRJNA279196	SAMN05716051	CP017123	SRR5829764,SRR5829864
J154	MN	2014	PRJNA279196	SAMN05716052	CP017122	SRR5829745,SRR5829837
J155	MN	2014	PRJNA279196	SAMN04383587	CP013896	SRR5070717,SRR5071089
J157	MN	2014	PRJNA279196	SAMN07352206		SRR5829821,SRR5829875
J159	MN	2014	PRJNA279196	SAMN04383588	CP013897	SRR5070677,SRR5070843
J160	MN	2014	PRJNA279196	SAMN05716053	CP017119	SRR5829776,SRR5829839
J161	MN	2014	PRJNA279196	SAMN04383589	CP013898	SRR5070822,SRR5071025
J222	MN	2014	PRJNA279196	SAMN05751695	CP017165	SRR5829760,SRR5829836
J223	MN	2014	PRJNA279196	SAMN05751696	CP017160	SRR5829843,SRR5829872
J224	MN	2014	PRJNA279196	SAMN05751697	CP017164	SRR5829792,SRR5829825
J225	MN	2014	PRJNA279196	SAMN04221200	CP013096	SRR5070694,SRR5070755
J226	MN	2014	PRJNA279196	SAMN05751698	CP017159	SRR5829830,SRR5829876
J227	MN	2014	PRJNA279196	SAMN07352215		SRR5829771,SRR5829817
J228	MN	2014	PRJNA279196	SAMN07352216		SRR5829856,SRR5829871
J229	MN	2014	PRJNA279196	SAMN07352217		SRR5829787,SRR5829862
J230	MN	2014	PRJNA279196	SAMN05716056	CP017926	SRR5829744,SRR5829747
J294	MN	2014	PRJNA279196	SAMN06007542	CP018039	SRR5829738,SRR5829767
J313	MN	2014	PRJNA279196	SAMN06007545	CP018042	SRR9006209
J317	MN	2015	PRJNA279196	SAMN10176196	CP032978	SRR9118318
J318	MN	2015	PRJNA279196	SAMN10161200	CP032735	SRR9118319
J319	MN	2015	PRJNA279196	SAMN10176197	CP032977	SRR9118320
J340	MN	2015	PRJNA279196	SAMN11822220		SRR9118309
J341	MN	2015	PRJNA279196	SAMN10176198	CP032976	SRR9118310
J342	MN	2015	PRJNA279196	SAMN11822221		SRR9118287
J387	MN	2015	PRJNA279196	SAMN11822231		SRR9118262
J388	MN	2015	PRJNA279196	SAMN10176205	CP032970	SRR9118263
J389	MN	2015	PRJNA279196	SAMN11822232		SRR9118477
J392	MN	2015	PRJNA279196	SAMN08395646	CP026468	SRR9006238
J395	MN	2015	PRJNA279196	SAMN11822234		SRR9118475
J399	MN	2015	PRJNA279196	SAMN10176206	CP032969	SRR9118472
J420	MN	2015	PRJNA279196	SAMN10298217	CP033414	SRR9118455
J421	MN	2015	PRJNA279196	SAMN10176214	CP032961	SRR9118456
J422	MN	2015	PRJNA279196	SAMN10176215	CP032960	SRR9118413
J423	MN	2015	PRJNA279196	SAMN11822242		SRR9118412
J425	MN	2015	PRJNA279196	SAMN11822243		SRR9118415
J449	MN	2016	PRJNA279196	SAMN11822250		SRR9118368
J450	MN	2016	PRJNA279196	SAMN10298220	CP033411	SRR9118369
J451	MN	2016	PRJNA279196	SAMN10176221	CP032954	SRR9118366
J452	MN	2016	PRJNA279196	SAMN10176222	CP032953	SRR9118367
J453	MN	2016	PRJNA279196	SAMN10176223	CP032952	SRR9118384
J597	MN	2016	PRJNA279196	SAMN10161214	CP032722	SRR9131670
J598	MN	2016	PRJNA279196	SAMN10161215	CP032721	SRR9131654
J600	MN	2016	PRJNA279196	SAMN10161216	CP032720	SRR9131655
J601	MN	2016	PRJNA279196	SAMN10161217	CP032719	SRR9131656
J709	MN	2016	PRJNA279196	SAMN11822376		SRR9131540
J710	MN	2016	PRJNA279196	SAMN11822377		SRR9131713
J713	MN	2016	PRJNA279196	SAMN11822378		SRR9131712
J714	MN	2016	PRJNA279196	SAMN11822379		SRR9131715
J715	MN	2016	PRJNA279196	SAMN11822380		SRR9131714
J723	MN	2017	PRJNA279196	SAMN11822386		SRR9131706
J726	MN	2017	PRJNA279196	SAMN11822387		SRR9131600
J727	MN	2017	PRJNA279196	SAMN11822388		SRR9131601
J730	MN	2017	PRJNA279196	SAMN11822389		SRR9131602
J731	MN	2017	PRJNA279196	SAMN11822390		SRR9131603
J732	MN	2016	PRJNA279196	SAMN11822391		SRR9131604
J787	MN	2017	PRJNA279196	SAMN11822416		SRR9131616
J788	MN	2017	PRJNA279196	SAMN11822417		SRR9131623
J789	MN	2017	PRJNA279196	SAMN11822418		SRR9131622
J791	MN	2017	PRJNA279196	SAMN11822419		SRR9131621
J831	MN	2017	PRJNA279196	SAMN11822437		SRR9131644
J832	MN	2017	PRJNA279196	SAMN11822438		SRR9131647
J833	MN	2017	PRJNA279196	SAMN11822439		SRR9131646
J834	MN	2017	PRJNA279196	SAMN11822440		SRR9131608
J836	MN	2017	PRJNA279196	SAMN10182684	CP033293	SRR9988837
J841	MN	2017	PRJNA279196	SAMN12589396		SRR9997167
J845	MN	2017	PRJNA279196	SAMN12589398		SRR9997169
J850	MN	2017	PRJNA279196	SAMN12589399		SRR9997168
J855	MN	2017	PRJNA279196	SAMN10182695	CP033283	SRR9988818
J968	MN	2017	PRJNA279196	SAMN12523712		SRR9988730
J979	MN	2017	PRJNA279196	SAMN12589484		SRR10002514
J984	MN	2017	PRJNA279196	SAMN12589487		SRR10002466
J994	MN	2017	PRJNA279196	SAMN12589492		SRR10002461
J996	MN	2017	PRJNA279196	SAMN12589494		SRR10002457
K039	MN	2018	PRJNA279196	SAMN12523719		SRR9988825
K044	MN	2018	PRJNA279196	SAMN12589513		SRR10002380
K049	MN	2018	PRJNA279196	SAMN12523726		SRR9988822
K054	MN	2018	PRJNA279196	SAMN12523731		SRR9988786
K059	MN	2018	PRJNA279196	SAMN12108485		SRR9589910
K184	MN	2018	PRJNA279196	SAMN11539638		SRR9002913
K185	MN	2018	PRJNA279196	SAMN11539639		SRR9002914
K185	MN	2018	PRJNA279196	SAMN11539639		SRR9002914
K190	MN	2018	PRJNA279196	SAMN11539644		SRR9002815
K195	MN	2018	PRJNA279196	SAMN11539649		SRR9002822
K200	MN	2018	PRJNA279196	SAMN11539654		SRR9002886
K205	MN	2018	PRJNA279196	SAMN11539659		SRR9002881
K210	MN	2018	PRJNA279196	SAMN11539664		SRR9002907
K215	MN	2018	PRJNA279196	SAMN11539669		SRR9002902
K339	MN	2018	PRJNA279196	SAMN12108514		SRR9589857
K344	MN	2018	PRJNA279196	SAMN12108519		SRR9589862
K349	MN	2018	PRJNA279196	SAMN12108524		SRR9589876
K354	MN	2018	PRJNA279196	SAMN12108529		SRR9589879
K358	MN	2018	PRJNA279196	SAMN12108533		SRR9589872
K363	MN	2018	PRJNA279196	SAMN12108538		SRR9589847
K369	MN	2018	PRJNA279196	SAMN12108543		SRR9589840
K419	MN	2019	PRJNA279196	SAMN12305702		SRR9718365
K424	MN	2019	PRJNA279196	SAMN12305707		SRR9718370
K429	MN	2019	PRJNA279196	SAMN12305712		SRR9718383
K434	MN	2019	PRJNA279196	SAMN12912179		SRR10247378
K434	MN	2019	PRJNA279196	SAMN12912179		SRR10247378
K439	MN	2019	PRJNA279196	SAMN12912184		SRR10247384
K439	MN	2019	PRJNA279196	SAMN12912184		SRR10247384
K444	MN	2019	PRJNA279196	SAMN12305721		SRR9718380
K447	MN	2019	PRJNA279196	SAMN12305724		SRR9718349
K511	MN	2019	PRJNA279196	SAMN12912225		
K516	MN	2019	PRJNA279196	SAMN12912230		
K521	MN	2019				
K526	MN	2019				
K531	MN	2019				
K536	MN	2019				
K541	MN	2019				
K546	MN	2019				
K552	MN	2019				
K557	MN	2019				
K562	MN	2019				
K567	MN	2019				
D919	NY	2002	PRJNA279196	SAMN08136969	CP025355	SRR9006113
D925	NY	2002	PRJNA279196	SAMN05583848	CP016968	SRR9006114
E976	NY	2005	PRJNA279196	SAMN03455339	CP011175	SRR5070765,SRR5070887,SRR5826167,SRR5826168
F501	NY	2004	PRJNA279196	SAMN04383561	CP013870	SRR5070723,SRR5070826,SRR5712543
H709	NY	2010	PRJNA279196	SAMN08136982	CP025364	SRR9006187
H710	NY	2010	PRJNA279196	SAMN03464272	CP011236	SRR5070800,SRR5070863,SRR5833675,SRR5833687
H765	NY	2011	PRJNA279196	SAMN03455356	CP011192	SRR5070753,SRR5071026,SRR5829355,SRR5829361
H766	NY	2011	PRJNA279196	SAMN03702621	CP011699	SRR5070760,SRR5829347,SRR5829357
H767	NY	2011	PRJNA279196	SAMN11821657		SRR9123648
H768	NY	2011	PRJNA279196	SAMN03702622	CP011700	SRR5070776,SRR5829353,SRR5829356
H769	NY	2011	PRJNA279196	SAMN11821658		SRR9123593
H847	NY	2011	PRJNA279196	SAMN03702628	CP011706	SRR5070871,SRR5829410,SRR5829719
H849	NY	2011	PRJNA279196	SAMN03702629	CP011707	SRR5070729,SRR5071088,SRR5829727,SRR5829728
H897	NY	2012	PRJNA279196	SAMN11821691		SRR9123509
H898	NY	2012	PRJNA279196	SAMN11821692		SRR9123506
H899	NY	2012	PRJNA279196	SAMN11821693		SRR9123507
H901	NY	2012	PRJNA279196	SAMN11821694		SRR9123504
H902	NY	2011	PRJNA279196	SAMN08136987	CP025363	SRR9006204
I114	NY	2012	PRJNA279196	SAMN11821870		SRR9131319
I115	NY	2012	PRJNA279196	SAMN11821871		SRR9131457
I116	NY	2012	PRJNA279196	SAMN11821872		SRR9131456
I117	NY	2012	PRJNA279196	SAMN11821873		SRR9131455
I118	NY	2012	PRJNA279196	SAMN11821874		SRR9131454
I120	NY	2012	PRJNA279196	SAMN08136988	CP025370	SRR9006206
I122	NY	2012	PRJNA279196	SAMN11821875		SRR9131461
I123	NY	2012	PRJNA279196	SAMN11821876		SRR9131460
I255	NY	2012	PRJNA279196	SAMN11821969		SRR9131309
I256	NY	2012	PRJNA279196	SAMN11821970		SRR9131310
I257	NY	2012	PRJNA279196	SAMN03702646	CP011724	SRR5070948,SRR5071034,SRR5838384,SRR5838387
I258	NY	2012	PRJNA279196	SAMN11821971		SRR9131341
I259	NY	2012	PRJNA279196	SAMN03877221	CP012133	SRR5070743,SRR5071075,SRR5838395,SRR5838396,SRR5838397
I260	NY	2012	PRJNA279196	SAMN11821972		SRR9131340
I261	NY	2012	PRJNA279196	SAMN11821973		SRR9131343
I262	NY	2012	PRJNA279196	SAMN11821974		SRR9131342
I263	NY	2012	PRJNA279196	SAMN03702647	CP011725	SRR5070661,SRR5070748,SRR5839530,SRR5839533
I264	NY	2012	PRJNA279196	SAMN11821975		SRR9131345
I266	NY	2012	PRJNA279196	SAMN11821976		SRR9131344
I268	NY	2012	PRJNA279196	SAMN11821977		SRR9131347
I269	NY	2012	PRJNA279196	SAMN11821978		SRR9131346
I270	NY	2012	PRJNA279196	SAMN03702648	CP011726	SRR5070766,SRR5071072,SRR5839522,SRR5839528
I271	NY	2012	PRJNA279196	SAMN03702649	CP011727	SRR5070734,SRR5071021,SRR5839525,SRR5839531
I272	NY	2012	PRJNA279196	SAMN11821979		SRR9131339
I273	NY	2012	PRJNA279196	SAMN03702650	CP011728	SRR5071020,SRR5071029,SRR5839534
I274	NY	2012	PRJNA279196	SAMN11821980		SRR9131338
I275	NY	2012	PRJNA279196	SAMN11821981		SRR9131468
I277	NY	2012	PRJNA279196	SAMN11821982		SRR9131469
I278	NY	2012	PRJNA279196	SAMN11821983		SRR9131470
I279	NY	2012	PRJNA279196	SAMN11821984		SRR9131471
I280	NY	2012	PRJNA279196	SAMN11821985		SRR9131472
I281	NY	2012	PRJNA279196	SAMN11821986		SRR9131473
I445	NY	2012	PRJNA279196	SAMN11822086		SRR9131462
I446	NY	2012	PRJNA279196	SAMN11822087		SRR9131322
I447	NY	2012	PRJNA279196	SAMN11822088		SRR9131453
I448	NY	2012	PRJNA279196	SAMN11822089		SRR9131363
I449	NY	2012	PRJNA279196	SAMN11822090		SRR9131362
I450	NY	2012	PRJNA279196	SAMN11822091		SRR9131331
I451	NY	2012	PRJNA279196	SAMN11822092		SRR9131332
I452	NY	2012	PRJNA279196	SAMN03702661	CP011739	SRR5070856,SRR5070873,SRR5856171,SRR5856174
I453	NY	2012	PRJNA279196	SAMN11822093		SRR9131333
I454	NY	2012	PRJNA279196	SAMN11822094		SRR9131334
I755	NY	2013	PRJNA279196	SAMN03702666	CP011744	SRR5070994,SRR5071083,SRR5851804,SRR5851807,SRR5851814
I756	NY	2013	PRJNA279196	SAMN11822126		SRR9118275
I757	NY	2013	PRJNA279196	SAMN11822127		SRR9118276
I758	NY	2013	PRJNA279196	SAMN11822128		SRR9118277
I759	NY	2013	PRJNA279196	SAMN11822129		SRR9118278
I760	NY	2013	PRJNA279196	SAMN11822130		SRR9118279
I761	NY	2013	PRJNA279196	SAMN11822131		SRR9118280
I762	NY	2013	PRJNA279196	SAMN03702667	CP011745	SRR5070931,SRR5070953,SRR5851461,SRR5851481
I971	NY	2013	PRJNA279196	SAMN11822146		SRR9118460
I972	NY	2013	PRJNA279196	SAMN11822147		SRR9118457
I973	NY	2013	PRJNA279196	SAMN11822148		SRR9118458
I974	NY	2013	PRJNA279196	SAMN11822149		SRR9118463
I975	NY	2013	PRJNA279196	SAMN03464279	CP011242	SRR5070691,SRR5070933,SRR5851459,SRR5851474
I976	NY	2013	PRJNA279196	SAMN03854496	CP012084	SRR5070730,SRR5071079,SRR5851467
I977	NY	2013	PRJNA279196	SAMN03702671	CP011749	SRR5070837,SRR5070879,SRR5851460,SRR5851464
I978	NY	2013	PRJNA279196	SAMN03702672	CP011750	SRR5070852,SRR5071077,SRR5851462,SRR5851469
I979	NY	2013	PRJNA266616	SAMN03249376	CP010966	SRR3205795
I981	NY	2013	PRJNA279196	SAMN11822150		SRR9118464
J024	NY	2013	PRJNA279196	SAMN07352194	CP025353	SRR5829795,SRR5829863
J025	NY	2013	PRJNA279196	SAMN11822178		SRR9118301
J112	NY	2014	PRJNA279196	SAMN07352202		SRR5829812,SRR5829850
J113	NY	2014	PRJNA279196	SAMN07352203		SRR5829841,SRR5829859
J114	NY	2014	PRJNA279196	SAMN07352204		SRR5829802,SRR5829827
J115	NY	2014	PRJNA279196	SAMN03702690	CP011768	SRR5070808
J165	NY	2014	PRJNA279196	SAMN05751699	CP017158	SRR5829766,SRR5829782
J206	NY	2014	PRJNA279196	SAMN04383594	CP013903	SRR5070684,SRR5070861
J207	NY	2014	PRJNA279196	SAMN06007541	CP018038	SRR5829781,SRR5829811
J208	NY	2014	PRJNA279196	SAMN04383595	CP013904	SRR5070782,SRR5070959
J209	NY	2014	PRJNA279196	SAMN05716055	CP017120	SRR5829746,SRR5829801
J210	NY	2014	PRJNA279196	SAMN04383596	CP013905	SRR5070907,SRR5071081
J305	NY	2014	PRJNA279196	SAMN04383601	CP013865	SRR5070805,SRR5070862,SRR5742136
J306	NY	2014	PRJNA279196	SAMN06007544	CP018041	SRR5829790,SRR5829873
J308	NY	2014	PRJNA279196	SAMN05751701	CP017167	SRR5829852,SRR5829869
J309	NY	2014	PRJNA279196	SAMN07352228		SRR5829754,SRR5829794
J310	NY	2014	PRJNA279196	SAMN05751702	CP017168	SRR5829741,SRR5829866
J311	NY	2014	PRJNA279196	SAMN04383602	CP013866	SRR5070663,SRR5070683,SRR5071085,SRR5742137
J315	NY	2015	PRJNA279196	SAMN10176194	CP032980	SRR9118343
J344	NY	2015	PRJNA279196	SAMN11822222		SRR9118286
J400	NY	2015	PRJNA279196	SAMN10176207	CP032968	SRR9118471
J401	NY	2015	PRJNA279196	SAMN08395648	CP026467	SRR9006084
J402	NY	2015	PRJNA279196	SAMN08395649	CP026466	SRR9006083
J404	NY	2015	PRJNA279196	SAMN11822237		SRR9118470
J427	NY	2015	PRJNA279196	SAMN11822244		SRR9118414
J428	NY	2015	PRJNA279196	SAMN11822245		SRR9118409
J429	NY	2015	PRJNA279196	SAMN11822246		SRR9118408
J430	NY	2015	PRJNA279196	SAMN10298218	CP033413	SRR9118411
J431	NY	2015	PRJNA279196	SAMN11822247		SRR9118410
J457	NY	2015	PRJNA279196	SAMN10176226	CP032949	SRR9118383
J458	NY	2015	PRJNA279196	SAMN10176227	CP032948	SRR9118380
J459	NY	2015	PRJNA279196	SAMN10176228	CP032947	SRR9118381
J460	NY	2016	PRJNA279196	SAMN10176229	CP032946	SRR9118378
J461	NY	2016	PRJNA279196	SAMN10176230	CP032945	SRR9118379
J462	NY	2016	PRJNA279196	SAMN10176231	CP032944	SRR9118376
J463	NY	2016	PRJNA279196	SAMN11822251		SRR9118377
J468	NY	2016	PRJNA279196	SAMN11822256		SRR9118419
J473	NY	2016	PRJNA279196	SAMN07137593	CP021403	SRR9006089
J475	NY	2016	PRJNA279196	SAMN10161202	CP032733	SRR9118416
J476	NY	2016	PRJNA279196	SAMN10161203	CP032732	SRR9118272
J477	NY	2016	PRJNA279196	SAMN10161204	CP032731	SRR9118273
J478	NY	2016	PRJNA279196	SAMN11822261		SRR9118311
J481	NY	2016	PRJNA279196	SAMN11822264		SRR9118306
J486	NY	2016	PRJNA279196	SAMN11822269		SRR9118304
J487	NY	2016	PRJNA279196	SAMN10161205	CP032730	SRR9118251
J488	NY	2016	PRJNA279196	SAMN11822270		SRR9118342
J493	NY	2016	PRJNA279196	SAMN10161206	CP032729	SRR9131548
J494	NY	2016	PRJNA279196	SAMN10161207	CP032728	SRR9131547
J603	NY	2016	PRJNA279196	SAMN08524459	CP026908	SRR9006165
J608	NY	2016	PRJNA279196	SAMN10161218	CP032718	SRR9131650
J609	NY	2016	PRJNA279196	SAMN10161219	CP032717	SRR9131651
J610	NY	2016	PRJNA279196	SAMN10161220	CP032716	SRR9131652
J612	NY	2016	PRJNA279196	SAMN10161221	CP032715	SRR9131653
J613	NY	2016	PRJNA279196	SAMN11822327		SRR9131648
J618	NY	2016	PRJNA279196	SAMN10161222	CP032714	SRR9131589
J619	NY	2016	PRJNA279196	SAMN10161223	CP032713	SRR9131668
J620	NY	2016	PRJNA279196	SAMN10161224	CP032712	SRR9131587
J622	NY	2016	PRJNA279196	SAMN10161225	CP032711	SRR9131515
J675	NY	2016	PRJNA279196	SAMN11822365		SRR9131696
J678	NY	2016	PRJNA279196	SAMN11822366		SRR9131695
J679	NY	2016	PRJNA279196	SAMN08524470	CP026897	SRR9006139
J718	NY	2017	PRJNA279196	SAMN11822381		SRR9131709
J769	NY	2017	PRJNA279196	SAMN11822405		SRR9131579
J770	NY	2017	PRJNA279196	SAMN11822406		SRR9131578
J771	NY	2017	PRJNA279196	SAMN11822407		SRR9131563
J772	NY	2017	PRJNA279196	SAMN11822408		SRR9131564
J773	NY	2017	PRJNA279196	SAMN11822409		SRR9131565
J774	NY	2017	PRJNA279196	SAMN11822410		SRR9131566
J776	NY	2017	PRJNA279196	SAMN11822411		SRR9131559
J777	NY	2017	PRJNA279196	SAMN11822412		SRR9131560
J779	NY	2017	PRJNA279196	SAMN11822413		SRR9131561
J780	NY	2017	PRJNA279196	SAMN10176983	CP032765	SRR9131562
J785	NY	2017	PRJNA279196	SAMN11822415		SRR9131617
J860	NY	2017	PRJNA279196	SAMN12589402		SRR9997173
J861	NY	2017	PRJNA279196	SAMN12589403		SRR9997172
J863	NY	2017	PRJNA279196	SAMN12589404		SRR9997162
J864	NY	2017	PRJNA279196	SAMN12589405		SRR9997161
J865	NY	2017	PRJNA279196	SAMN10298223	CP033408	SRR9988812
J965	NY	2017	PRJNA279196	SAMN12589480		SRR10002506
J966	NY	2017	PRJNA279196	SAMN12589481		SRR10002507
J967	NY	2017	PRJNA279196	SAMN12589482		SRR10002508
K001	NY	2017	PRJNA279196	SAMN12589498		SRR10002487
K117	NY	2018	PRJNA279196	SAMN12589549		SRR10002472
K118	NY	2018	PRJNA279196	SAMN12589550		SRR10002471
K120	NY	2018	PRJNA279196	SAMN12589551		SRR10002474
K220	NY	2018	PRJNA279196	SAMN11539674		SRR9002878
K311	NY	2018	PRJNA279196	SAMN12108513		SRR9589889
H413	OR	2010	PRJNA279196	SAMN11821632		SRR9123577
H623	OR	2010	PRJNA279196	SAMN11821647		SRR9123542
H624	OR	2010	PRJNA279196	SAMN08200082	CP025529	SRR9006149
H625	OR	2010	PRJNA279196	SAMN11821648		SRR9123651
H677	OR	2010	PRJNA279196	SAMN08136980	CP025367	SRR9006182
H678	OR	2010	PRJNA279196	SAMN11821653		SRR9123656
H757	OR	2011	PRJNA279196	SAMN11821654		SRR9123653
H758	OR	2011	PRJNA279196	SAMN11821655		SRR9123654
H772	OR	2011	PRJNA279196	SAMN11821659		SRR9123724
H773	OR	2011	PRJNA279196	SAMN03702623	CP011701	SRR5070785,SRR5829359,SRR5829360
H774	OR	2011	PRJNA279196	SAMN11821660		SRR9123595
H775	OR	2011	PRJNA279196	SAMN03702624	CP011702	SRR5070848,SRR5829354,SRR5829362
H776	OR	2011	PRJNA279196	SAMN11821661		SRR9123594
H777	OR	2011	PRJNA279196	SAMN11821662		SRR9123597
H778	OR	2011	PRJNA279196	SAMN08136984	CP025362	
H779	OR	2011	PRJNA279196	SAMN03702625	CP011703	SRR5070799,SRR5829348,SRR5829351
H780	OR	2011	PRJNA279196	SAMN11821663		SRR9123596
H781	OR	2011	PRJNA279196	SAMN11821664		SRR9123599
H782	OR	2011	PRJNA279196	SAMN06007763	CP018035	SRR9006186
H783	OR	2011	PRJNA279196	SAMN11821665		SRR9123561
H784	OR	2011	PRJNA279196	SAMN03455357	CP011193	SRR5070972,SRR5070988,SRR5829352,SRR5829358
H842	OR	2011	PRJNA279196	SAMN03702627	CP011705	SRR5070869,SRR5829397,SRR5829411
H843	OR	2011	PRJNA279196	SAMN11821671		SRR9123662
H844	OR	2011	PRJNA279196	SAMN11821672		SRR9123663
H845	OR	2011	PRJNA279196	SAMN12589054		SRR10010708
H864	OR	2011	PRJNA279196	SAMN03702631	CP011709	SRR5070695,SRR5071031,SRR5829716,SRR5829722
H865	OR	2012	PRJNA279196	SAMN12589055		SRR10010749
H866	OR	2011	PRJNA279196	SAMN03702632	CP011710	SRR5070664,SRR5070794,SRR5829729
H867	OR	2012	PRJNA279196	SAMN11821673		SRR9123664
H868	OR	2012	PRJNA279196	SAMN11821674		SRR9123665
H870	OR	2012	PRJNA279196	SAMN11821675		SRR9123666
H871	OR	2012	PRJNA279196	SAMN11821676		SRR9123657
H872	OR	2012	PRJNA279196	SAMN11821677		SRR9123658
H873	OR	2012	PRJNA279196	SAMN11821678		SRR9123635
H874	OR	2012	PRJNA279196	SAMN11821679		SRR9123634
H875	OR	2012	PRJNA279196	SAMN11821680		SRR9123633
H876	OR	2012	PRJNA279196	SAMN04383573	CP013882	SRR5070798,SRR5070867,SRR5829724,SRR5829725
H876	OR	2012	PRJNA279196	SAMN04383573	CP013882	SRR5070798,SRR5070867,SRR5829724,SRR5829725
H877	OR	2012	PRJNA279196	SAMN08164941	CP025382	SRR9006203
H878	OR	2012	PRJNA279196	SAMN03702633	CP011711	SRR5070947,SRR5070973,SRR5829721,SRR5829726
H879	OR	2012	PRJNA279196	SAMN11821681		SRR9123632
H880	OR	2012	PRJNA279196	SAMN11821682		SRR9123631
H882	OR	2012	PRJNA279196	SAMN11821683		SRR9123630
I056	OR	2012	PRJNA279196	SAMN11821832		SRR9123557
I057	OR	2012	PRJNA279196	SAMN11821833		SRR9123556
I058	OR	2012	PRJNA279196	SAMN11821834		SRR9123598
I059	OR	2012	PRJNA279196	SAMN11821835		SRR9123592
I060	OR	2012	PRJNA279196	SAMN11821836		SRR9123590
I061	OR	2012	PRJNA279196	SAMN11821837		SRR9123711
I062	OR	2012	PRJNA279196	SAMN11821838		SRR9123678
I064	OR	2012	PRJNA279196	SAMN11821839		SRR9123683
I065	OR	2012	PRJNA279196	SAMN11821840		SRR9123667
I066	OR	2012	PRJNA279196	SAMN11821841		SRR9123563
I067	OR	2012	PRJNA279196	SAMN11821842		SRR9123686
I068	OR	2012	PRJNA279196	SAMN11821843		SRR9123687
I069	OR	2012	PRJNA279196	SAMN03702637	CP011715	SRR5070718,SRR5070874,SRR5853106,SRR5853117
I070	OR	2012	PRJNA279196	SAMN11821844		SRR9123684
I071	OR	2012	PRJNA279196	SAMN11821845		SRR9123685
I072	OR	2012	PRJNA279196	SAMN10298212	CP033419	SRR9123516
I073	OR	2012	PRJNA279196	SAMN11821846		SRR9123517
I074	OR	2012	PRJNA279196	SAMN11821847		SRR9123533
I075	OR	2012 PRJNA279196	SAMN03464277	CP011240	SRR5070769,SRR5070789,SRR5071011,SRR5071033,SRR5853104,SRR5853111
I076	OR	2012	PRJNA279196	SAMN11821848		SRR9123532
I077	OR	2012	PRJNA279196	SAMN11821849		SRR9123531
I078	OR	2012	PRJNA279196	SAMN11821850		SRR9123530
I079	OR	2012	PRJNA279196	SAMN11821851		SRR9123529
I080	OR	2012	PRJNA279196	SAMN10298213	CP033418	SRR9123527
I081	OR	2012	PRJNA279196	SAMN11821852		SRR9123726
I082	OR	2012	PRJNA279196	SAMN11821853		SRR9123518
I083	OR	2012	PRJNA279196	SAMN11821854		SRR9123493
I084	OR	2012	PRJNA279196	SAMN11821855		SRR9123492
I085	OR	2012	PRJNA279196	SAMN11821856		SRR9123621
I086	OR	2012	PRJNA279196	SAMN11821857		SRR9123679
I087	OR	2012	PRJNA279196	SAMN11821858		SRR9123680
I088	OR	2012	PRJNA279196	SAMN03702638	CP011716	SRR5070698,SRR5071047,SRR5853108,SRR5853110
I089	OR	2012	PRJNA279196	SAMN03702639	CP011717	SRR5070851,SRR5070926,SRR5852293
I090	OR	2012	PRJNA279196	SAMN11821859		SRR9123681
I091	OR	2012	PRJNA279196	SAMN11821860		SRR9123682
I092	OR	2012	PRJNA279196	SAMN11821861		SRR9131301
I094	OR	2012	PRJNA279196	SAMN06007762	CP018036	SRR9006205
I095	OR	2012	PRJNA279196	SAMN11821862		SRR9131297
I282	OR	2012	PRJNA279196	SAMN11821987		SRR9131474
I283	OR	2012	PRJNA279196	SAMN11821988		SRR9131263
I284	OR	2012	PRJNA279196	SAMN11821989		SRR9131264
I285	OR	2012	PRJNA279196	SAMN11821990		SRR9131265
I286	OR	2012	PRJNA279196	SAMN11821991		SRR9131289
I289	OR	2012	PRJNA279196	SAMN03702651	CP011729	SRR5070719,SRR5070823,SRR5839524,SRR5839529
I290	OR	2012	PRJNA279196	SAMN11821992		SRR9131288
I291	OR	2012	PRJNA279196	SAMN11821993		SRR9131287
I292	OR	2012	PRJNA279196	SAMN11821994		SRR9131286
I293	OR	2012	PRJNA279196	SAMN11821995		SRR9131285
I294	OR	2012	PRJNA279196	SAMN11821996		SRR9131284
I295	OR	2012	PRJNA279196	SAMN11821997		SRR9131283
I296	OR	2012	PRJNA279196	SAMN11821998		SRR9131282
I297	OR	2012	PRJNA279196	SAMN11821999		SRR9131281
I298	OR	2012	PRJNA279196	SAMN11822000		SRR9131280
I299	OR	2012	PRJNA279196	SAMN11822001		SRR9131447
I300	OR	2012	PRJNA279196	SAMN11822002		SRR9131448
I302	OR	2012	PRJNA279196	SAMN11822003		SRR9131445
I303	OR	2012	PRJNA279196	SAMN11822004		SRR9131446
I304	OR	2012	PRJNA279196	SAMN11822005		SRR9131443
I305	OR	2012	PRJNA279196	SAMN11822006		SRR9131444
I306	OR	2012	PRJNA279196	SAMN11822007		SRR9131441
I307	OR	2012	PRJNA279196	SAMN11822008		SRR9131442
I309	OR	2012	PRJNA279196	SAMN11822009		SRR9131449
I310	OR	2012	PRJNA279196	SAMN11822010		SRR9131450
I311	OR	2012	PRJNA279196	SAMN11822011		SRR9131481
I441	OR	2012	PRJNA279196	SAMN11822082		SRR9131466
I442	OR	2012	PRJNA279196	SAMN11822083		SRR9131465
I443	OR	2012	PRJNA279196	SAMN11822084		SRR9131464
I444	OR	2012	PRJNA279196	SAMN11822085		SRR9131463
I727	OR	2013	PRJNA279196	SAMN11822109		SRR9118328
I728	OR	2013	PRJNA279196	SAMN03702663	CP011741	SRR5070793,SRR5071000,SRR5856170,SRR5856180
I729	OR	2013	PRJNA279196	SAMN11822110		SRR9118325,SRR9118326
I729	OR	2013	PRJNA279196	SAMN11822110		SRR9118325,SRR9118326
I959	OR	2013	PRJNA279196	SAMN03702668	CP011746	SRR5070969,SRR5071052,SRR5851477,SRR5851478
J021	OR	2013	PRJNA279196	SAMN03702676	CP011754	SRR5070892,SRR5902556,SRR5902578
J022	OR	2013	PRJNA279196	SAMN03464281	CP011244	SRR5070681,SRR5070836,SRR5070958,SRR5071061,SRR5902555,SRR5902570
J023	OR	2013	PRJNA279196	SAMN03702677	CP011755	SRR5070692,SRR5902557,SRR5902566
J071	OR	2013	PRJNA279196	SAMN11822195		SRR9118430
J072	OR	2013	PRJNA279196	SAMN03702682	CP011760	SRR5071035,SRR5902558,SRR5902563
J073	OR	2013	PRJNA279196	SAMN03702683	CP011761	SRR5070990,SRR5902567,SRR5902581
J099	OR	2014	PRJNA279196	SAMN04383577	CP013886	SRR5070741,SRR5070980
J100	OR	2014	PRJNA279196	SAMN03702688	CP011766	SRR5071071
J148	OR	2014	PRJNA279196	SAMN05716050	CP017923	SRR5829815,SRR5829833
J149	OR	2014	PRJNA279196	SAMN04383585	CP013894	SRR5070859,SRR5071051,SRR5742135
J150	OR	2014	PRJNA279196	SAMN05950789		SRR5829780,SRR5829813
J151	OR	2014	PRJNA279196	SAMN05751694	CP017161	SRR5829820,SRR5829855
J192	OR	2014	PRJNA279196	SAMN04221195	CP013091	SRR5070844,SRR5070855
J276	OR	2014	PRJNA279196	SAMN04383597	CP013906	SRR5070675,SRR5071049
J277	OR	2014	PRJNA279196	SAMN04383598	CP013907	SRR5070885,SRR5070960
J314	OR	2015	PRJNA279196	SAMN10176193	CP032981	SRR9118344
J346	OR	2015	PRJNA279196	SAMN11822224		SRR9118288
J349	OR	2015	PRJNA279196	SAMN11822226		SRR9118293
J350	OR	2015	PRJNA279196	SAMN11822227		SRR9118292
J405	OR	2015	PRJNA279196	SAMN10176208	CP032967	SRR9118469
J406	OR	2015	PRJNA279196	SAMN10176209	CP032966	SRR9118468
J407	OR	2015	PRJNA279196	SAMN10176210	CP032965	SRR9118447
J408	OR	2015	PRJNA279196	SAMN10176211	CP032964	SRR9118448
J409	OR	2015	PRJNA279196	SAMN10176212	CP032963	SRR9118449
J410	OR	2015	PRJNA279196	SAMN10176213	CP032962	SRR9118450
J432	OR	2015	PRJNA279196	SAMN11822248		SRR9118407
J495	OR	2016	PRJNA279196	SAMN10161208	CP032727	SRR9131588
J496	OR	2016	PRJNA279196	SAMN10161209	CP032726	SRR9131557
J497	OR	2016	PRJNA279196	SAMN10161210	CP032725	SRR9131555
J591	OR	2016	PRJNA279196	SAMN10161211	CP032737	SRR9131504
J719	OR	2017	PRJNA279196	SAMN11822382		SRR9131708
J720	OR	2017	PRJNA279196	SAMN11822383		SRR9131711
J721	OR	2017	PRJNA279196	SAMN11822384		SRR9131710
J722	OR	2017	PRJNA279196	SAMN11822385		SRR9131707
J809	OR	2017	PRJNA279196	SAMN11822423		SRR9131553
J814	OR	2017	PRJNA279196	SAMN11822424		SRR9131580
J815	OR	2017	PRJNA279196	SAMN11822425		SRR9131581
J816	OR	2017	PRJNA279196	SAMN10182682	CP033295	SRR9131558
J821	OR	2017	PRJNA279196	SAMN11822429		SRR9131615
J822	OR	2017	PRJNA279196	SAMN11822430		SRR9131609
J823	OR	2017	PRJNA279196	SAMN11822431		SRR9131614
J824	OR	2017	PRJNA279196	SAMN11822432		SRR9131613
J825	OR	2017	PRJNA279196	SAMN11822433		SRR9131612
J826	OR	2017	PRJNA279196	SAMN11822434		SRR9131643
J827	OR	2017	PRJNA279196	SAMN11822435		SRR9131685
J828	OR	2017	PRJNA279196	SAMN11822436		SRR9131645
J874	OR	2017	PRJNA279196	SAMN12589412		SRR9997293
J875	OR	2017	PRJNA279196	SAMN12589413		SRR9997294
J876	OR	2017	PRJNA279196	SAMN10182699	CP033279	SRR9988745
J891	OR	2017	PRJNA279196	SAMN12589414		SRR9997295
K029	OR	2017	PRJNA279196	SAMN12589509		SRR10002416
K065	OR	2018	PRJNA279196	SAMN12523734		SRR9988787
K124	OR	2018	PRJNA279196	SAMN12589552		SRR10002473
K129	OR	2018	PRJNA279196	SAMN12523753		SRR9988770
K135	OR	2018	PRJNA279196	SAMN12523754		SRR9988769
K140	OR	2018	PRJNA279196	SAMN12523755		SRR9988762
K145	OR	2018	PRJNA279196	SAMN12523756		SRR9988761
K150	OR	2018	PRJNA279196	SAMN12523760		SRR9988755
K154	OR	2018	PRJNA279196	SAMN12589573		SRR10002434
K221	OR	2018	PRJNA279196	SAMN11539675		SRR9002877,SRR10250495
K221	OR	2018	PRJNA279196	SAMN11539675		SRR9002877,SRR10250495
K221	OR	2018	PRJNA279196	SAMN11539675		SRR9002877,SRR10250495
K227	OR	2018	PRJNA279196	SAMN11539681		SRR9002896
K232	OR	2018	PRJNA279196	SAMN11539686		SRR9002897
K237	OR	2018	PRJNA279196	SAMN11539691		SRR9002836
K242	OR 	2018	PRJNA279196	SAMN11539696		SRR9002839
K247	OR	2018	PRJNA279196	SAMN11539701		SRR9002867
K248	OR	2018	PRJNA279196	SAMN11539702		SRR9002868
K249	OR	2018	PRJNA279196	SAMN11539703		SRR9002869
K250	OR	2018	PRJNA279196	SAMN11539704		SRR9002870
K251	OR	2018	PRJNA279196	SAMN11539705		SRR9002863
K252	OR	2018	PRJNA279196	SAMN11539706		SRR9002864
K253	OR	2018	PRJNA279196	SAMN11539707		SRR9002865
K259	OR	2018	PRJNA279196	SAMN11539713		SRR9002832
K265	OR	2018	PRJNA279196	SAMN11539719		SRR9002824
K323	OR	2018	PRJNA279196	SAMN12392429		SRR9860860
K329	OR	2018	PRJNA279196	SAMN12392435		SRR9860862
K332	OR	2018	PRJNA279196	SAMN12392438		SRR9860867
K462	OR	2019	PRJNA279196	SAMN12912186		SRR10247382
K472	OR	2019	PRJNA279196	SAMN12912188		SRR10247380
K477	OR	2019	PRJNA279196	SAMN12912193		SRR10247400
K481	OR	2019	PRJNA279196	SAMN12912197		SRR10247396
K481	OR	2019	PRJNA279196	SAMN12912197		SRR10247396
K486	OR	2019	PRJNA279196	SAMN12912202		SRR10247391
